GEOID_Data,white,black,race_other,hisp,nhisp
14000US17031221000,0.6610894941634241,0.06264591439688716,0.27626459143968873,0.4992217898832685,0.5007782101167315
14000US17031221100,0.6485104490884838,0.1004891062694531,0.2510004446420631,0.3606047132058693,0.6393952867941307
14000US17031242800,0.8814862267777066,0.007687379884689302,0.1108263933376041,0.2274183215887252,0.7725816784112748
14000US17031242900,0.6650615302300695,0.052434456928838954,0.2825040128410915,0.23167469234884966,0.7683253076511504
14000US17031243000,0.6278964107223989,0.012721490231712857,0.35938209904588825,0.24307133121308497,0.756928668786915
14000US17031243100,0.6952808988764045,0.008089887640449439,0.2966292134831461,0.36629213483146067,0.6337078651685393
14000US17031243200,0.7632311977715878,0.07520891364902507,0.1615598885793872,0.19312906220984216,0.8068709377901578
14000US17031243300,0.7850296668188042,0.040164308534915566,0.17480602464628023,0.2072113190324053,0.7927886809675947
14000US17031243400,0.7225356787255227,0.0258878194490541,0.2515765018254232,0.3245934284766014,0.6754065715233986
14000US17031071400,0.850177120233382,0.04105021879558241,0.10877266097103563,0.0414669722858929,0.9585330277141071
14000US17031110400,0.6811689738519007,0.024170511975390024,0.2946605141727093,0.23840914084816525,0.7615908591518348
14000US17031150600,0.6062128825947921,0.01667428049337597,0.3771128369118319,0.4271356783919598,0.5728643216080402
14000US17031150700,0.6539428571428572,0.025371428571428573,0.3206857142857143,0.4763428571428571,0.5236571428571428
14000US17031150800,0.5537655279503105,0.025038819875776396,0.421195652173913,0.5751164596273292,0.4248835403726708
14000US17031710300,0.04218040233614536,0.8578844905905256,0.099935107073329,0.10707332900713822,0.8929266709928618
14000US17031831100,0.6515702050350376,0.0159615883726966,0.3324682065922658,0.5377627822475993,0.46223721775240073
14000US17031831500,0.6234234234234234,0.10064350064350064,0.2759330759330759,0.48957528957528956,0.5104247104247104
14000US17031831600,0.48776152057978944,0.09585669355941474,0.41638178586079583,0.618214139204157,0.38178586079584304
14000US17031831200,0.3693099897013388,0.07023686920700309,0.5604531410916581,0.819773429454171,0.18022657054582905
14000US17031831000,0.9059139784946236,0.009408602150537635,0.0846774193548387,0.09453405017921147,0.9054659498207885
14000US17031843000,0.04942208051016341,0.9473893981666003,0.0031885213232363493,0.021522518931845355,0.9784774810681547
14000US17031843100,0.1436893203883495,0.7598705501618123,0.0964401294498382,0.09255663430420712,0.9074433656957929
14000US17031842900,0.19735503560528994,0.579518480840963,0.22312648355374703,0.07833163784333673,0.9216683621566633
14000US17031843500,0.25094984802431614,0.6595744680851063,0.0894756838905775,0.23888677811550152,0.7611132218844985
14000US17031842000,0.40189666448659256,0.35546108567691304,0.24264224983649443,0.07815565729234794,0.921844342707652
14000US17031832400,0.802439024390244,0.07286585365853658,0.12469512195121951,0.19359756097560976,0.8064024390243902
14000US17031832900,0.5569487983281086,0.03239289446185998,0.4106583072100313,0.047021943573667714,0.9529780564263323
14000US17031840300,0.2729007633587786,0.03189749182115594,0.6952017448200655,0.5109051254089422,0.48909487459105777
14000US17031838600,0.0850422195416164,0.7689987937273823,0.14595898673100122,0.15319662243667068,0.8468033775633294
14000US17031839600,0.09051490514905149,0.8552845528455284,0.05420054200542006,0.08184281842818428,0.9181571815718157
14000US17031834900,0.009881422924901186,0.950592885375494,0.039525691699604744,0.0,1.0
14000US17031030603,0.5828038966539602,0.26387124099957643,0.15332486234646336,0.14527742481999154,0.8547225751800085
14000US17031832200,0.8844256518675123,0.02466525722339676,0.09090909090909091,0.09372797744890768,0.9062720225510923
14000US17031836700,0.14254094732182382,0.6852589641434262,0.17220008853474988,0.2979194333776007,0.7020805666223993
14000US17031836800,0.047076689445709946,0.9483675018982536,0.004555808656036446,0.0,1.0
14000US17031836600,0.541004723057106,0.15371404036066982,0.3052812365822241,0.5689136968656076,0.43108630313439245
14000US17031833000,0.8102332875906685,0.045285238188590475,0.14448147422074104,0.03509115859635366,0.9649088414036463
14000US17031842500,0.0008587376556462001,0.9583512237011593,0.040790038643194505,0.015457277801631602,0.9845427221983684
14000US17031841800,0.016492357200321803,0.919147224456959,0.06436041834271923,0.04424778761061947,0.9557522123893806
14000US17031980100,,,,,
14000US17031842800,0.44033232628398794,0.0,0.5596676737160121,0.8873111782477341,0.11268882175226586
14000US17031843800,0.36140350877192984,0.44070175438596493,0.19789473684210526,0.15368421052631578,0.8463157894736842
14000US17031841000,0.3168044077134986,0.3526170798898072,0.3305785123966942,0.011937557392102846,0.9880624426078971
14000US17031834200,0.002004811547714515,0.9941860465116279,0.003809141940657578,0.0014033680834001604,0.9985966319165999
14000US17031842200,0.6920980926430518,0.11362397820163488,0.19427792915531336,0.04795640326975477,0.9520435967302452
14000US17031838000,0.26033690658499237,0.5876722817764165,0.15199081163859113,0.14088820826952528,0.8591117917304747
14000US17031010702,0.32987634623055445,0.4070602313522138,0.26306342241723174,0.27961707219784604,0.720382927802154
14000US17031010503,0.770852428964253,0.11824014665444546,0.11090742438130156,0.017873510540788267,0.9821264894592118
14000US17031010502,0.6001420454545454,0.18039772727272727,0.21946022727272727,0.12571022727272727,0.8742897727272727
14000US17031010701,0.4758639605046626,0.19308831596269885,0.3310477235326385,0.35490948985189247,0.6450905101481075
14000US17031020902,0.428603055125083,0.1879566083683861,0.38344033650653087,0.16626079256143458,0.8337392074385654
14000US17031020302,0.7038145100972326,0.08863126402393418,0.2075542258788332,0.1280852655198205,0.8719147344801795
14000US17031020601,0.6484756611083039,0.04008758632305878,0.31143675256863734,0.042108809162876876,0.9578911908371232
14000US17031020301,0.806901753724307,0.03073731849896285,0.16236092777673014,0.0612860644917971,0.9387139355082029
14000US17031760803,0.8152886614425076,0.11050695666080282,0.07420438189668958,0.07388453542299696,0.926115464577003
14000US17031530501,0.015378470141801479,0.9668464150189734,0.017775114839225083,0.025763930497303775,0.9742360695026963
14000US17031530503,0.0193756727664155,0.9503049874416936,0.03031933979189092,0.0193756727664155,0.9806243272335845
14000US17031650301,0.615046102263202,0.017183570829840736,0.36777032690695727,0.8357082984073764,0.16429170159262363
14000US17031650302,0.5719364282726892,0.014638226683396068,0.4134253450439147,0.9125888749477207,0.08741112505227938
14000US17031530502,0.0,1.0,0.0,0.04216867469879518,0.9578313253012049
14000US17031831300,0.05185185185185185,0.2351851851851852,0.7129629629629629,0.7314814814814815,0.26851851851851855
14000US17031831400,0.24563279857397505,0.6146167557932264,0.13975044563279856,0.17397504456327986,0.8260249554367202
14000US17031837000,0.11849865951742627,0.7549597855227882,0.12654155495978553,0.10187667560321716,0.8981233243967829
14000US17031842400,0.015292553191489361,0.9511303191489362,0.03357712765957447,0.003324468085106383,0.9966755319148937
14000US17031832100,0.5883831332030159,0.3068975146607093,0.10471935213627478,0.10723261658754538,0.8927673834124547
14000US17031020802,0.35353535353535354,0.054381019497298566,0.5920836269673478,0.2878787878787879,0.7121212121212122
14000US17031020702,0.5961427416560804,0.023328328906340224,0.3805289294375794,0.2784386187781499,0.7215613812218501
14000US17031020801,0.5483817427385892,0.1520331950207469,0.2995850622406639,0.27103734439834026,0.7289626556016597
14000US17031040202,0.44628527051514366,0.050867201656743466,0.5028475278281128,0.29743722495469843,0.7025627750453016
14000US17031040201,0.7564469914040115,0.021346704871060173,0.22220630372492836,0.1988538681948424,0.8011461318051576
14000US17031040402,0.8128110798528457,0.016230253191949793,0.1709586669552045,0.12984202553559834,0.8701579744644017
14000US17031031501,0.341801878736123,0.3661400512382579,0.2920580700256191,0.13962425277540563,0.8603757472245943
14000US17031081201,0.8189581554227157,0.027540563620836893,0.1535012809564475,0.0631938514090521,0.9368061485909479
14000US17031063301,0.7340425531914894,0.0990691489361702,0.1668882978723404,0.12267287234042554,0.8773271276595744
14000US17031490901,0.00032331070158422246,0.9996766892984158,0.0,0.0016165535079211122,0.9983834464920789
14000US17031490902,0.0,0.9838180625410016,0.016181937458998468,0.012245790509512355,0.9877542094904876
14000US17031301801,0.43859223300970873,0.0004854368932038835,0.5609223300970874,0.9779126213592233,0.0220873786407767
14000US17031700301,0.4344837890333184,0.06663678470043329,0.4988794262662483,0.7731958762886598,0.2268041237113402
14000US17031301702,0.37461985070500414,0.0,0.6253801492949959,0.9317113630080177,0.0682886369919823
14000US17031700401,0.1493179122182681,0.5096381969157769,0.34104389086595494,0.4169632265717675,0.5830367734282325
14000US17031837100,0.20858524788391777,0.6596130592503023,0.13180169286577992,0.18500604594921402,0.814993954050786
14000US17031837400,0.06715063520871144,0.8616152450090744,0.07123411978221415,0.08348457350272233,0.9165154264972777
14000US17031837800,0.2601818900751285,0.6468960063266113,0.09292210359826018,0.10122578094108343,0.8987742190589165
14000US17031836500,0.10173410404624278,0.8861271676300578,0.012138728323699421,0.009826589595375723,0.9901734104046243
14000US17031843900,0.07846715328467153,0.8409367396593674,0.08059610705596107,0.040450121654501216,0.9595498783454988
14000US17031837300,0.04206642066420664,0.9118081180811808,0.046125461254612546,0.007380073800738007,0.992619926199262
14000US17031841500,0.048337028824833705,0.917960088691796,0.03370288248337029,0.038580931263858094,0.9614190687361419
14000US17031838700,0.048570019723865876,0.8483727810650887,0.10305719921104536,0.14768244575936884,0.8523175542406312
14000US17031150501,0.6831448856166185,0.009992111490928214,0.30686300289245333,0.2224559558243492,0.7775440441756508
14000US17031150401,0.6509644670050762,0.014213197969543147,0.3348223350253807,0.2966497461928934,0.7033502538071066
14000US17031150502,0.6418758882046424,0.023685457129322594,0.33443865466603506,0.3382283278067267,0.6617716721932734
14000US17031110502,0.6461492714837942,0.03151947665774606,0.32233125185845973,0.1935771632471008,0.8064228367528992
14000US17031150402,0.6837944664031621,0.04216073781291173,0.2740447957839262,0.37891963109354415,0.6210803689064559
14000US17031140302,0.48792401628222526,0.05834464043419267,0.4537313432835821,0.3345997286295794,0.6654002713704206
14000US17031140301,0.21253771371102917,0.011062688568555145,0.7763995977204157,0.6463291987931612,0.35367080120683875
14000US17031700302,0.5456198347107438,0.1684297520661157,0.2859504132231405,0.6150413223140496,0.38495867768595043
14000US17031580501,0.35784621831133456,0.0033521893987010264,0.6388015922899644,0.7525665200083804,0.24743347999161952
14000US17031580502,0.37375827814569534,0.0,0.6262417218543046,0.8603062913907285,0.13969370860927152
14000US17031730201,0.038226600985221675,0.9473891625615763,0.01438423645320197,0.030147783251231526,0.9698522167487684
14000US17031301802,0.4532322137955941,0.010834236186348862,0.5359335500180571,0.955218490429758,0.04478150957024196
14000US17031440101,0.003205128205128205,0.9668803418803419,0.029914529914529916,0.00876068376068376,0.9912393162393163
14000US17031301701,0.5556777563926313,0.0074237008523508384,0.4368985427550179,0.8630739620566401,0.13692603794335992
14000US17031839100,0.5281597512854239,0.11909601817529594,0.35274423053928017,0.11455219418868827,0.8854478058113118
14000US17031833100,0.6250938203652739,0.07693269952464349,0.29797348011008257,0.06442331748811608,0.9355766825118839
14000US17031838100,0.377466581795035,0.5397835773392744,0.08274984086569065,0.10757479312539783,0.8924252068746021
14000US17031833300,0.45761519521632077,0.06120295462539571,0.4811818501582835,0.0710517059444249,0.9289482940555751
14000US17031838200,0.4405,0.304,0.2555,0.1785,0.8215
14000US17031140702,0.47020323802962455,0.021012745435756115,0.5087840165346194,0.6679297278677231,0.33207027213227697
14000US17031140602,0.47023330651649237,0.09694288012872083,0.4328238133547868,0.579847144006436,0.42015285599356395
14000US17031140701,0.35489166119500987,0.05975049244911359,0.5853578463558765,0.5374261326329612,0.46257386736703876
14000US17031160502,0.59734626180148,0.01837203368206175,0.38428170451645827,0.6024496044909415,0.3975503955090584
14000US17031160602,0.612610205717339,0.029388191290408764,0.3580016029922522,0.4317392465936415,0.5682607534063585
14000US17031151002,0.42028715271303374,0.018459817266455344,0.5612530300205109,0.7426813350736529,0.2573186649263472
14000US17031151001,0.48989547038327524,0.0031358885017421603,0.5069686411149826,0.6982578397212543,0.3017421602787456
14000US17031431302,0.05705521472392638,0.8877300613496932,0.05521472392638037,0.1401840490797546,0.8598159509202454
14000US17031460302,0.12355110642781876,0.8335089567966281,0.04293993677555322,0.05136986301369863,0.9486301369863014
14000US17031460301,0.1701093560145808,0.6406439854191981,0.18924665856622114,0.347812879708384,0.6521871202916161
14000US17031700501,0.10726072607260725,0.8343834383438344,0.058355835583558356,0.078007800780078,0.921992199219922
14000US17031700502,0.11302940383059078,0.8340976530887511,0.052872943080658215,0.08929053142702995,0.9107094685729701
14000US17031210601,0.47554527428949106,0.016523463317911435,0.5079312623925974,0.46860541969596825,0.5313945803040317
14000US17031841100,0.11479122434536447,0.015852795470629864,0.8693559801840056,0.013021939136588818,0.9869780608634112
14000US17031840200,0.25442764578833693,0.005615550755939525,0.7399568034557236,0.1874730021598272,0.8125269978401728
14000US17031841300,0.42534041080083085,0.03231017770597738,0.5423494114931918,0.7495961227786753,0.25040387722132473
14000US17031840700,0.2621477162293489,0.03522837706511176,0.7026239067055393,0.7847424684159378,0.2152575315840622
14000US17031841700,0.13535173642030277,0.3668744434550312,0.4977738201246661,0.5405164737310775,0.4594835262689225
14000US17031190602,0.48856061970816067,0.03386777157268961,0.4775716087191497,0.7627454512700415,0.23725454872995858
14000US17031190401,0.46061036195883603,0.029808374733853796,0.5095812633073101,0.6439555240123018,0.3560444759876981
14000US17031190702,0.4343670762629218,0.04856641310708017,0.5170665106299981,0.8613224107665302,0.13867758923346987
14000US17031191302,0.41534336976696223,0.05341307486079604,0.5312435553722417,0.9604042070530007,0.03959579294699938
14000US17031190601,0.4462738301559792,0.03964471403812825,0.5140814558058926,0.8383882149046794,0.16161178509532062
14000US17031191301,0.3572617946345976,0.029787234042553193,0.6129509713228493,0.8251618871415356,0.17483811285846437
14000US17031200402,0.478084572311257,0.032052519791465534,0.4898629078972775,0.7609577138443715,0.2390422861556285
14000US17031200401,0.482104619149587,0.051085959008871216,0.4668094218415418,0.8476598348118691,0.15234016518813093
14000US17031220902,0.6186683657215674,0.02166294998407136,0.3596686842943613,0.698311564192418,0.30168843580758203
14000US17031210501,0.6645825671202648,0.023538065465244576,0.3118793674144906,0.515630746598014,0.484369253401986
14000US17031160601,0.6598873591989988,0.03035043804755945,0.3097622027534418,0.3194618272841051,0.6805381727158949
14000US17031061901,0.7099761051373955,0.08452807646356034,0.2054958183990442,0.1508363201911589,0.8491636798088411
14000US17031840800,0.29914023124814704,0.012155351319300326,0.6887044174325526,0.9765787133115921,0.023421286688407945
14000US17031030703,0.6277128547579299,0.17462437395659433,0.1976627712854758,0.1666110183639399,0.8333889816360601
14000US17031081403,0.6168744434550312,0.019367764915405164,0.3637577916295637,0.05565449688334818,0.9443455031166518
14000US17031030702,0.6078346965131296,0.022815325010761944,0.36934997847610845,0.11192423590185105,0.8880757640981489
14000US17031440102,0.035023041474654376,0.9566820276497696,0.008294930875576038,0.015360983102918587,0.9846390168970814
14000US17031440202,0.007720588235294118,0.9573529411764706,0.034926470588235295,0.017279411764705883,0.9827205882352941
14000US17031830500,0.37713139418254765,0.06268806419257773,0.5601805416248746,0.9829488465396189,0.017051153460381142
14000US17031840100,0.3302310654685494,0.004492939666238768,0.6652759948652118,0.09980744544287548,0.9001925545571245
14000US17031840400,0.4563758389261745,0.0,0.5436241610738255,0.4274875984826379,0.5725124015173622
14000US17031839200,0.1831783259199353,0.5588354225636878,0.2579862515163769,0.006874241811564901,0.9931257581884351
14000US17031835500,0.03781818181818182,0.8683636363636363,0.09381818181818181,0.10036363636363636,0.8996363636363637
14000US17031190402,0.5697323784395024,0.011496419148134188,0.4187712024123634,0.6664153788164342,0.3335846211835658
14000US17031431301,0.05396290050590219,0.9201798763350196,0.025857223159078135,0.015458122540753232,0.9845418774592468
14000US17031834000,0.006675143038779402,0.9287984742530198,0.0645263827082009,0.0,1.0
14000US17031833900,0.2268370607028754,0.48597799077032305,0.28718494852680154,0.4909478168264111,0.5090521831735889
14000US17031030604,0.5766852195423624,0.21459492888064316,0.20871985157699444,0.10451453308596166,0.8954854669140383
14000US17031031502,0.38724887248872486,0.44608446084460845,0.16666666666666666,0.15108651086510866,0.8489134891348914
14000US17031081402,0.619276679137716,0.04917156600748263,0.3315517548548014,0.10564760377694637,0.8943523962230536
14000US17031080201,0.8640200062519537,0.02031884964051266,0.1156611441075336,0.030634573304157548,0.9693654266958425
14000US17031760802,0.9332199064227988,0.013611229264142918,0.05316886431305827,0.08166737558485751,0.9183326244151425
14000US17031140601,0.44806806097128676,0.11059907834101383,0.4413328606876994,0.4062389223679546,0.5937610776320453
14000US17031070102,0.8204822863947604,0.07293837451622506,0.10657933908901458,0.08008335814230426,0.9199166418576957
14000US17031210502,0.43400687876182287,0.04965606190885641,0.5163370593293207,0.5898538263112639,0.410146173688736
14000US17031040100,0.7418382722250125,0.09316926167754896,0.16499246609743848,0.18206931190356604,0.817930688096434
14000US17031040300,0.5525435073627845,0.07228915662650602,0.3751673360107095,0.15528781793842034,0.8447121820615796
14000US17031611600,0.195752009184845,0.7468427095292767,0.0574052812858783,0.24741676234213547,0.7525832376578645
14000US17031340400,0.22411616161616163,0.020833333333333332,0.7550505050505051,0.050505050505050504,0.9494949494949495
14000US17031430700,0.050512186506534794,0.9403037795831861,0.009184033910279053,0.003885552808194984,0.996114447191805
14000US17031191000,0.5016477480776272,0.027828634199926768,0.470523617722446,0.8568290003661663,0.14317099963383376
14000US17031560400,0.6131840796019901,0.0,0.38681592039800994,0.7481343283582089,0.251865671641791
14000US17031710700,0.0045321247667288725,0.9802719274860038,0.015195947747267395,0.002932551319648094,0.9970674486803519
14000US17031550100,0.6783184477979673,0.0939328611025562,0.22774869109947643,0.4949183862026486,0.5050816137973514
14000US17031283200,0.30330162283156126,0.4986010072747622,0.19809736989367654,0.10800223838836039,0.8919977616116396
14000US17031100500,0.8173743116006396,0.00017765144785930004,0.18244803695150116,0.09895185645763013,0.9010481435423698
14000US17031280900,0.08837209302325581,0.8344186046511628,0.07720930232558139,0.022325581395348838,0.9776744186046512
14000US17031301600,0.34155141310883946,0.03397474443776308,0.6244738424533974,0.9278412507516537,0.07215874924834637
14000US17031490600,0.1130952380952381,0.8869047619047619,0.0,0.0,1.0
14000US17031490700,0.0017825311942959,0.9921568627450981,0.006060606060606061,0.0213903743315508,0.9786096256684492
14000US17031490800,0.0171990171990172,0.974064974064974,0.008736008736008737,0.007098007098007098,0.9929019929019929
14000US17031491000,0.007977207977207978,0.9592592592592593,0.03276353276353276,0.029914529914529916,0.9700854700854701
14000US17031491100,0.02864175430745133,0.938688744685612,0.03266950100693668,0.040277466994853434,0.9597225330051465
14000US17031530200,0.008397639582387654,0.8740354062641852,0.11756695415342715,0.11075805719473446,0.8892419428052656
14000US17031530300,0.004026170105686965,0.96527428283845,0.03069954705586311,0.0,1.0
14000US17031530400,0.029345372460496615,0.9291196388261851,0.04153498871331828,0.03566591422121896,0.964334085778781
14000US17031530600,0.005972696245733789,0.9577645051194539,0.036262798634812285,0.007252559726962458,0.9927474402730375
14000US17031560100,0.40570999248685197,0.2299023290758828,0.3643876784372652,0.5912847483095417,0.4087152516904583
14000US17031670200,0.0,0.9759036144578314,0.024096385542168676,0.0107095046854083,0.9892904953145917
14000US17031670300,0.07803030303030303,0.793939393939394,0.12803030303030302,0.15378787878787878,0.8462121212121212
14000US17031670400,0.06088560885608856,0.8191881918819188,0.11992619926199262,0.18081180811808117,0.8191881918819188
14000US17031661100,0.23256445047489824,0.31628222523744914,0.45115332428765265,0.6120759837177747,0.3879240162822252
14000US17031670100,0.09857035364936043,0.7246049661399548,0.17682468021068473,0.2520692249811889,0.7479307750188111
14000US17031670600,0.1340018231540565,0.7292616226071102,0.13673655423883319,0.27711941659070194,0.7228805834092981
14000US17031670700,0.21452991452991452,0.6358974358974359,0.14957264957264957,0.3641025641025641,0.6358974358974359
14000US17031670800,0.0,0.9795728876508821,0.02042711234911792,0.02042711234911792,0.9795728876508821
14000US17031670900,0.1095890410958904,0.8691019786910198,0.0213089802130898,0.07077625570776255,0.9292237442922374
14000US17031260900,0.12474437627811862,0.8411724608043627,0.03408316291751875,0.047716428084526245,0.9522835719154737
14000US17031261000,0.024559967253376995,0.9627507163323782,0.012689316414244782,0.031109291854277528,0.9688907081457224
14000US17031281900,0.5174453883495146,0.02821601941747573,0.4543385922330097,0.0983009708737864,0.9016990291262136
14000US17031310200,0.5909090909090909,0.04431818181818182,0.36477272727272725,0.4107954545454545,0.5892045454545455
14000US17031310300,0.4184195565662308,0.030699260943718023,0.5508811824900511,0.7134735645252984,0.2865264354747015
14000US17031310400,0.3547044129891757,0.006661115736885929,0.6386344712739384,0.5470441298917569,0.4529558701082431
14000US17031310500,0.4311740890688259,0.0,0.5688259109311741,0.8360323886639676,0.16396761133603238
14000US17031491200,0.0778537611783272,0.9016307206733298,0.020515518148342977,0.04734350341925302,0.952656496580747
14000US17031491300,0.008719596145020651,0.9834786599357503,0.007801743919229004,0.007801743919229004,0.992198256080771
14000US17031491400,0.014285714285714285,0.953156146179402,0.03255813953488372,0.005647840531561462,0.9943521594684386
14000US17031500100,0.018137847642079808,0.9818621523579202,0.0,0.018440145102781136,0.9815598548972189
14000US17031500200,0.021905247070809986,0.9276617422312786,0.05043301069791136,0.0,1.0
14000US17031500300,0.5090618336886994,0.2819829424307036,0.208955223880597,0.2809168443496802,0.7190831556503199
14000US17031560200,0.16806722689075632,0.5862960568842922,0.2456367162249515,0.3581124757595346,0.6418875242404655
14000US17031560300,0.6009959539371305,0.01805166511048864,0.38095238095238093,0.7142857142857143,0.2857142857142857
14000US17031560700,0.6195002715915263,0.00027159152634437803,0.38022813688212925,0.6162411732753938,0.3837588267246062
14000US17031560800,0.6697383577423071,0.0,0.33026164225769294,0.6001316439032417,0.39986835609675825
14000US17031560900,0.7806822395253986,0.0001853911753800519,0.21913236929922136,0.4314052651093808,0.5685947348906192
14000US17031561000,0.8414326551202287,0.0,0.1585673448797713,0.4282831679838574,0.5717168320161425
14000US17031010300,0.5023829087921118,0.28907148726376336,0.20854560394412489,0.17387017255546425,0.8261298274445358
14000US17031010400,0.7889688249400479,0.10856769130150425,0.10246348375844778,0.07979071288423806,0.9202092871157619
14000US17031010600,0.5711887685029757,0.21699984739813827,0.211811384098886,0.15412788036014038,0.8458721196398596
14000US17031020100,0.3459214501510574,0.3421450151057402,0.3119335347432024,0.3152064451158107,0.6847935548841894
14000US17031280800,0.0996523754345307,0.880648899188876,0.019698725376593278,0.0776361529548088,0.9223638470451911
14000US17031420300,0.427115987460815,0.3542319749216301,0.21865203761755486,0.09561128526645768,0.9043887147335423
14000US17031100200,0.7244493090710084,0.03187850595156656,0.2436721849774251,0.24189355588999864,0.7581064441100014
14000US17031020200,0.48219025003492105,0.08883922335521721,0.42897052660986174,0.2598128230199749,0.7401871769800251
14000US17031130200,0.6245824983299934,0.012024048096192385,0.3633934535738143,0.3193052772211089,0.6806947227788911
14000US17031020400,0.47047387606318347,0.2172539489671932,0.31227217496962334,0.31251518833535846,0.6874848116646416
14000US17031080202,0.8882384246939862,0.020223523150612027,0.09153805215540181,0.10164981373070782,0.8983501862692922
14000US17031240200,0.6957482054113749,0.018221976808393152,0.2860298177802319,0.2109331860850359,0.7890668139149641
14000US17031611800,0.1467935871743487,0.6603206412825652,0.19288577154308617,0.33867735470941884,0.6613226452905812
14000US17031060200,0.8203839122486288,0.02102376599634369,0.1585923217550274,0.13391224862888482,0.8660877513711152
14000US17031221200,0.6737150292778139,0.1180871828236825,0.20819778789850357,0.22316200390370852,0.7768379960962914
14000US17031061200,0.8844868735083532,0.016229116945107397,0.09928400954653938,0.14988066825775656,0.8501193317422434
14000US17031030200,0.6880733944954128,0.029190992493744787,0.2827356130108424,0.23919933277731442,0.7608006672226856
14000US17031030300,0.49059561128526646,0.14681295715778475,0.3625914315569488,0.2831765935214211,0.7168234064785789
14000US17031030400,0.7102026049204052,0.05499276410998553,0.23480463096960927,0.23082489146164978,0.7691751085383502
14000US17031030900,0.7373769450619244,0.05239758653540807,0.2102254684026675,0.12448396316290886,0.8755160368370911
14000US17031031000,0.7939947780678851,0.015665796344647518,0.19033942558746736,0.23785900783289818,0.7621409921671018
14000US17031980000,,,,,
14000US17031600600,0.4312316236524012,0.0,0.5687683763475988,0.291734727213329,0.7082652727866711
14000US17031420600,0.03802281368821293,0.9429657794676806,0.019011406844106463,0.0042775665399239545,0.995722433460076
14000US17031110100,0.720096936126017,0.00813571057642375,0.2717673532975593,0.22485719231435,0.77514280768565
14000US17031031400,0.7815160113498176,0.04438589379813539,0.17409809485204703,0.10032428050263478,0.8996757194973652
14000US17031700402,0.23872073101085095,0.5902341519131925,0.1710451170759566,0.32467161621930324,0.6753283837806967
14000US17031030800,0.8102785782901056,0.04803073967339097,0.14169068203650337,0.15778097982708933,0.8422190201729106
14000US17031031100,0.7654215581643543,0.0672358591248666,0.1673425827107791,0.11739594450373532,0.8826040554962646
14000US17031540102,0.00176522506619594,0.9911738746690203,0.00706090026478376,0.00706090026478376,0.9929390997352162
14000US17031031300,0.5815945833909079,0.15393118695592095,0.2644742296531712,0.11192483073096587,0.8880751692690342
14000US17031031900,0.7752981916121585,0.10119276644863409,0.12350904193920739,0.05617545209696037,0.9438245479030396
14000US17031160501,0.5096826250672405,0.11646046261430877,0.3738569123184508,0.5,0.5
14000US17031381800,0.0815347721822542,0.8385291766586731,0.07993605115907274,0.027977617905675458,0.9720223820943246
14000US17031381900,0.01803921568627451,0.8831372549019608,0.0988235294117647,0.012549019607843137,0.9874509803921568
14000US17031390100,0.08459743290548424,0.808634772462077,0.10676779463243874,0.047841306884480746,0.9521586931155193
14000US17031390200,0.18230803771890436,0.6713066906151773,0.14638527166591828,0.03906600808262236,0.9609339919173776
14000US17031390300,0.12560553633217994,0.8636678200692042,0.010726643598615917,0.03460207612456748,0.9653979238754326
14000US17031390400,0.10394569367840475,0.8561731014000848,0.03988120492151039,0.014425116673737802,0.9855748833262622
14000US17031390500,0.3090178058587019,0.5738081562320505,0.11717403790924756,0.06318207926479034,0.9368179207352096
14000US17031390600,0.45720984759671746,0.43259085580304807,0.11019929660023446,0.027549824150058615,0.9724501758499414
14000US17031390700,0.274201809800239,0.559330715383302,0.16646747481645893,0.014854020829776335,0.9851459791702236
14000US17031440600,0.008952080042127435,0.9789362822538178,0.012111637704054766,0.018430753027909426,0.9815692469720906
14000US17031440900,0.004375497215592681,0.9956245027844073,0.0,0.0,1.0
14000US17031440700,0.008247422680412371,0.9917525773195877,0.0,0.0,1.0
14000US17031440800,0.03291278113000549,0.931980252331322,0.03510696653867252,0.029621503017004936,0.970378496982995
14000US17031630300,0.5278259195070287,0.02811476988253418,0.44405931061043713,0.9239360677835547,0.07606393221644521
14000US17031630500,0.504424778761062,0.00034704147145583897,0.49522817976748224,0.9758806177338192,0.02411938226618081
14000US17031630800,0.35309845863479083,0.015728216420257943,0.6311733249449513,0.9528153507392262,0.04718464926077383
14000US17031630900,0.4570796460176991,0.07831858407079646,0.4646017699115044,0.8241150442477876,0.17588495575221239
14000US17031640100,0.5389177168272795,0.008895478131949592,0.45218680504077097,0.8391401037805782,0.1608598962194218
14000US17031640300,0.5407947019867549,0.034172185430463575,0.4250331125827815,0.6166887417218543,0.3833112582781457
14000US17031750100,0.07091849298202413,0.9103669047032751,0.018714602314700814,0.013789706968726915,0.986210293031273
14000US17031750200,0.3392857142857143,0.6102941176470589,0.05042016806722689,0.09033613445378151,0.9096638655462185
14000US17031750300,0.9166666666666666,0.05491551459293395,0.028417818740399385,0.030721966205837174,0.9692780337941628
14000US17031750400,0.6553147574819401,0.2579979360165119,0.08668730650154799,0.0935672514619883,0.9064327485380117
14000US17031750500,0.2544524441076165,0.6858658582796514,0.05968169761273209,0.01799924213717317,0.9820007578628268
14000US17031282700,0.3525274725274725,0.36,0.2874725274725275,0.23076923076923078,0.7692307692307693
14000US17031282800,0.41055900621118013,0.10186335403726708,0.48757763975155277,0.4391304347826087,0.5608695652173913
14000US17031400300,0.03633360858794385,0.9587118084227911,0.00495458298926507,0.01486374896779521,0.9851362510322048
14000US17031400500,0.01192504258943782,0.9880749574105622,0.0,0.022572402044293016,0.977427597955707
14000US17031400800,0.015434606011372868,0.9833468724614135,0.0012185215272136475,0.012591389114541024,0.987408610885459
14000US17031410100,0.39373297002724794,0.410535876475931,0.19573115349682108,0.06857402361489555,0.9314259763851045
14000US17031410500,0.4047042545831892,0.38256658595641646,0.21272915946039433,0.06675890695261155,0.9332410930473884
14000US17031410600,0.5180400890868597,0.2026726057906459,0.27928730512249444,0.11625835189309577,0.8837416481069043
14000US17031460100,0.09789156626506024,0.7804969879518072,0.12161144578313253,0.14796686746987953,0.8520331325301205
14000US17031450300,0.008083832335329342,0.9529940119760479,0.038922155688622756,0.0,1.0
14000US17031460200,0.39621791985592075,0.2796037820801441,0.32417829806393517,0.694732102656461,0.30526789734353893
14000US17031640400,0.7738678973175657,0.02942024805307182,0.19671185462936255,0.417940582636285,0.582059417363715
14000US17031640500,0.733664596273292,0.011925465838509317,0.25440993788819877,0.4862111801242236,0.5137888198757764
14000US17031640600,0.5692875259395895,0.014295596034124971,0.41641687802628546,0.5861194373991239,0.4138805626008762
14000US17031640700,0.5594686438059931,0.0074142724745134385,0.43311708371949337,0.7361754711152302,0.26382452888476987
14000US17031640800,0.6141374837872893,0.022697795071335927,0.3631647211413748,0.7561608300907912,0.2438391699092088
14000US17031650100,0.4897469458987784,0.008289703315881327,0.5019633507853403,0.8723821989528796,0.12761780104712042
14000US17031650200,0.6035217267821642,0.006390230048281738,0.3900880431695541,0.7899744390798069,0.21002556092019312
14000US17031750600,0.018617699566437135,0.9102269829125224,0.07115531752104055,0.03340984442744198,0.966590155572558
14000US17031283100,0.2721476510067114,0.24798657718120806,0.4798657718120805,0.1708053691275168,0.8291946308724832
14000US17031283800,0.32439824945295404,0.5648249452954048,0.11077680525164114,0.04349015317286652,0.9565098468271335
14000US17031410700,0.516380655226209,0.2078783151326053,0.27574102964118563,0.0748829953198128,0.9251170046801872
14000US17031410800,0.49638802889576883,0.16374269005847952,0.33986928104575165,0.07430340557275542,0.9256965944272446
14000US17031410900,0.5993580391012547,0.2255617157864021,0.17508024511234316,0.050773271082579514,0.9492267289174204
14000US17031411000,0.4055065490510559,0.38893344025661586,0.20556001069232827,0.04170008019246191,0.958299919807538
14000US17031411100,0.6378311258278145,0.03766556291390728,0.32450331125827814,0.048841059602649006,0.9511589403973509
14000US17031411200,0.6658566221142163,0.04678007290400972,0.287363304981774,0.06743620899149454,0.9325637910085055
14000US17031460400,0.0024868748273003593,0.9795523625310859,0.017960762641613705,0.0,1.0
14000US17031460500,0.07833197056418642,0.9195421095666394,0.002125919869174162,0.0,1.0
14000US17031461000,0.18613707165109034,0.6370716510903427,0.17679127725856697,0.2834890965732087,0.7165109034267912
14000US17031420100,0.04020421186981493,0.8883216336949585,0.07147415443522655,0.03382259093809828,0.9661774090619017
14000US17031420200,0.23730747290359383,0.6200798630918426,0.1426126640045636,0.03365658870507701,0.966343411294923
14000US17031420400,0.28218243819266836,0.5396419437340153,0.17817561807331628,0.09548167092924126,0.9045183290707587
14000US17031420700,0.01041264944080216,0.9672194369456228,0.02236791361357501,0.0,1.0
14000US17031420800,0.05033164260632072,0.8575887631681623,0.09207959422551697,0.0,1.0
14000US17031470100,0.026772247360482653,0.9008295625942685,0.07239819004524888,0.05203619909502263,0.9479638009049773
14000US17031480100,0.002677376171352075,0.9830432842481035,0.0142793395805444,0.0013386880856760374,0.998661311914324
14000US17031480200,0.011267605633802818,0.9295774647887324,0.059154929577464786,0.011267605633802818,0.9887323943661972
14000US17031480300,0.007829181494661922,0.9722419928825623,0.0199288256227758,0.029181494661921707,0.9708185053380783
14000US17031480400,0.005798728020950243,0.98989898989899,0.004302282080059858,0.00411522633744856,0.9958847736625515
14000US17031650400,0.2849261965111078,0.02281198747577158,0.6922618160131206,0.9269420008945878,0.07305799910541226
14000US17031650500,0.5025493238749723,0.10463311904234095,0.3928175570826868,0.7013965861228109,0.2986034138771891
14000US17031660400,0.41569137407889034,0.015821413090593844,0.5684872128305158,0.9497182488079757,0.05028175119202427
14000US17031821402,0.014953271028037384,0.8953271028037383,0.08971962616822429,0.01277258566978193,0.9872274143302181
14000US17031290900,0.008932661475034357,0.9878607420980302,0.00320659642693541,0.0,1.0
14000US17031291200,0.0010346611484738748,0.9896533885152613,0.009311950336264873,0.009311950336264873,0.9906880496637351
14000US17031421200,0.022066198595787363,0.950852557673019,0.02708124373119358,0.013039117352056168,0.9869608826479438
14000US17031271500,0.04722222222222222,0.8791666666666667,0.07361111111111111,0.0375,0.9625
14000US17031292200,0.044573643410852716,0.8577519379844961,0.09767441860465116,0.08682170542635659,0.9131782945736434
14000US17031292400,0.23085106382978723,0.7686170212765957,0.0005319148936170213,0.05372340425531915,0.9462765957446808
14000US17031292500,0.06976744186046512,0.7952947539210384,0.1349378042184965,0.14737696051919957,0.8526230394808004
14000US17031271800,0.0,0.9657039711191335,0.03429602888086643,0.03429602888086643,0.9657039711191335
14000US17031280100,0.738169897377423,0.018671607753705816,0.24315849486887114,0.06456670467502851,0.9354332953249715
14000US17031280400,0.23521414004078858,0.6886471787899389,0.07613868116927261,0.09993201903467029,0.9000679809653297
14000US17031300600,0.2508735150244584,0.12264150943396226,0.6264849755415793,0.8312368972746331,0.16876310272536688
14000US17031300700,0.3989451476793249,0.02721518987341772,0.5738396624472574,0.9685654008438819,0.03143459915611815
14000US17031301100,0.5441860465116279,0.01953488372093023,0.43627906976744185,0.8474418604651163,0.15255813953488373
14000US17031301200,0.35495213908966594,0.15823403008400078,0.4868138308263333,0.7825747216253175,0.21742527837468256
14000US17031480500,0.05527638190954774,0.8600143575017947,0.08470926058865758,0.11521895190236899,0.884781048097631
14000US17031490500,0.038256658595641646,0.9341404358353511,0.027602905569007265,0.012590799031476998,0.987409200968523
14000US17031520200,0.4154319261951356,0.061783617556611686,0.5227844562482528,0.8577019849035504,0.14229801509644954
14000US17031520300,0.553336746885134,0.0,0.44666325311486604,0.8934971838197645,0.10650281618023553
14000US17031520400,0.6524453694068678,0.003537981269510926,0.34401664932362125,0.9194588969823101,0.08054110301768991
14000US17031520500,0.5809270516717325,0.01614741641337386,0.4029255319148936,0.7942629179331308,0.2057370820668693
14000US17031520600,0.5570621468926553,0.04406779661016949,0.39887005649717516,0.9163841807909604,0.08361581920903954
14000US17031660500,0.5153528872593951,0.03620531622364803,0.4484417965169569,0.9069660861594867,0.0930339138405133
14000US17031660600,0.2804785415875427,0.43638435244967716,0.2831371059627801,0.5577288264337258,0.4422711735662742
14000US17031660700,0.029431000654022238,0.8992805755395683,0.07128842380640942,0.10333551340745585,0.8966644865925442
14000US17031660800,0.21595670391061453,0.496159217877095,0.2878840782122905,0.4647346368715084,0.5352653631284916
14000US17031660900,0.1604014957685495,0.7592993505215508,0.08029915370989962,0.2074394804172407,0.7925605195827593
14000US17031661000,0.061872309899569586,0.6705523672883787,0.26757532281205165,0.25968436154949787,0.7403156384505022
14000US17031151100,0.5826148161182474,0.010381840577159952,0.40700334330459265,0.6074256554636636,0.39257434453633644
14000US17031151200,0.6605764282038086,0.003088008234688626,0.33633556356150285,0.43360782295419453,0.5663921770458055
14000US17031241500,0.8138528138528138,0.013708513708513708,0.17243867243867245,0.12842712842712842,0.8715728715728716
14000US17031241100,0.6771397616468039,0.11348862405200433,0.20937161430119178,0.32096424702058507,0.679035752979415
14000US17031241600,0.8055077452667814,0.014056224899598393,0.1804360298336202,0.1844520940906483,0.8155479059093517
14000US17031241300,0.7693084300858153,0.08531044926804644,0.1453811206461383,0.15244825845532559,0.8475517415446744
14000US17031241400,0.7913405495420482,0.07860116569525395,0.13005828476269776,0.09208992506244797,0.907910074937552
14000US17031243500,0.6428243924805135,0.17125171939477304,0.18592388812471344,0.12058688674919761,0.8794131132508024
14000US17031250200,0.23814011938422872,0.5032987747408105,0.25856110587496073,0.49261702796104306,0.507382972038957
14000US17031250300,0.11344455348380765,0.6665358194308145,0.2200196270853778,0.2683022571148185,0.7316977428851815
14000US17031250400,0.1448692152917505,0.745747210535943,0.10938357417230657,0.22114505213096763,0.7788549478690324
14000US17031250500,0.4838709677419355,0.2454288687379218,0.2707001635201427,0.34250037163668795,0.657499628363312
14000US17031071500,0.8628477905073649,0.0220949263502455,0.11505728314238953,0.03387888707037643,0.9661211129296235
14000US17031071800,0.7896075581395349,0.0962936046511628,0.11409883720930232,0.07776162790697674,0.9222383720930233
14000US17031080100,0.8746732500726111,0.005954109787975602,0.1193726401394133,0.02831832704037177,0.9716816729596283
14000US17031080300,0.7979274611398963,0.00657632522917497,0.19549621363092864,0.022319649262654444,0.9776803507373456
14000US17031080400,0.3558203873164503,0.4875505426686529,0.1566290700148968,0.045541604596722705,0.9544583954032773
14000US17031160100,0.6659641728134879,0.0,0.3340358271865121,0.18967334035827185,0.8103266596417281
14000US17031160200,0.7783458646616541,0.026165413533834586,0.19548872180451127,0.1993984962406015,0.8006015037593985
14000US17031160300,0.6702158273381295,0.041726618705035974,0.2880575539568345,0.16460431654676258,0.8353956834532374
14000US17031160400,0.6680584551148225,0.024634655532359082,0.30730688935281836,0.2954070981210856,0.7045929018789144
14000US17031160700,0.630597609561753,0.04047808764940239,0.3289243027888446,0.4446215139442231,0.5553784860557769
14000US17031221300,0.6378682555445216,0.06752730883813307,0.29460443561734523,0.4008606421714664,0.5991393578285336
14000US17031221500,0.7419471588852696,0.14513210278682592,0.11292073832790445,0.2873688020267825,0.7126311979732175
14000US17031221400,0.6626617375231053,0.05976586568083796,0.27757239679605666,0.26062846580406657,0.7393715341959335
14000US17031250600,0.06075568913696865,0.8031343924431086,0.1361099184199227,0.18570201803349076,0.8142979819665093
14000US17031250700,0.061860854987426654,0.7408214585079631,0.19731768650461023,0.19983235540653813,0.8001676445934619
14000US17031250800,0.05623762376237624,0.8716831683168317,0.07207920792079207,0.1093069306930693,0.8906930693069307
14000US17031251000,0.06329113924050633,0.6636528028933092,0.2730560578661845,0.33634719710669075,0.6636528028933092
14000US17031251100,0.15880008391021608,0.7157541430669184,0.12544577302286553,0.26935179358086847,0.7306482064191315
14000US17031051400,0.7232289950576606,0.07084019769357495,0.20593080724876442,0.10626029654036244,0.8937397034596376
14000US17031060100,0.8078480224229212,0.03830582373092495,0.15384615384615385,0.06851448146994706,0.9314855185300529
14000US17031060300,0.7825637491385251,0.01791867677463818,0.19951757408683665,0.1640248104755341,0.8359751895244659
14000US17031060800,0.7299634826061887,0.04362867576398232,0.22640784162982894,0.10090332500480492,0.8990966749951951
14000US17031160800,0.566916488222698,0.004282655246252677,0.42880085653104927,0.6161670235546038,0.38383297644539616
14000US17031160900,0.6660031847133758,0.04020700636942675,0.29378980891719747,0.34514331210191085,0.6548566878980892
14000US17031161000,0.7640610104861774,0.020495710200190656,0.21544327931363202,0.273117254528122,0.726882745471878
14000US17031161100,0.737448180561953,0.10363887609396591,0.15891294334408107,0.19207738369415017,0.8079226163058498
14000US17031161200,0.6067911714770798,0.04584040747028863,0.3473684210526316,0.5239388794567063,0.4760611205432937
14000US17031161300,0.5928454396504642,0.023757509557618788,0.383397050791917,0.5475150191152376,0.4524849808847624
14000US17031170100,0.7948235294117647,0.05176470588235294,0.15341176470588236,0.096,0.904
14000US17031221600,0.7476931949250288,0.03143021914648212,0.22087658592848905,0.183679354094579,0.816320645905421
14000US17031242100,0.7511438739196746,0.004067107269954245,0.24478901881037113,0.1392984239959329,0.8607015760040672
14000US17031242000,0.606216457960644,0.17128801431127014,0.22249552772808587,0.10867620751341682,0.8913237924865832
14000US17031251200,0.08765522279035792,0.7182858534209886,0.19405892378865353,0.295836376917458,0.704163623082542
14000US17031251300,0.026943984873552353,0.8815882770030725,0.0914677381233751,0.08910423067832664,0.9108957693216734
14000US17031051300,0.8217913204062789,0.07540781779008926,0.10280086180363189,0.1523545706371191,0.8476454293628809
14000US17031600700,0.22604513503514614,0.0,0.7739548649648539,0.17795042545320014,0.8220495745467998
14000US17031600900,0.4366341713699333,0.05720882503848127,0.5061570035915854,0.21754746023601848,0.7824525397639815
14000US17031672000,0.005676979846721544,0.8699971615100767,0.12432585864320182,0.10672722111836502,0.8932727788816349
14000US17031710900,0.017040358744394617,0.974439461883408,0.008520179372197309,0.05336322869955157,0.9466367713004484
14000US17031711000,0.018499746578813987,0.966294982260517,0.015205271160669031,0.01469842878864673,0.9853015712113533
14000US17031711100,0.03286739705326785,0.9637325273894976,0.003400075557234605,0.03286739705326785,0.9671326029467322
14000US17031711200,0.004766633565044687,0.8526315789473684,0.1426017874875869,0.11360476663356504,0.886395233366435
14000US17031711500,0.0052141527001862194,0.9932960893854749,0.0014897579143389199,0.0052141527001862194,0.9947858472998138
14000US17031711300,0.024133663366336634,0.9455445544554455,0.03032178217821782,0.0,1.0
14000US17031711400,0.001480932987782303,0.9533506108848575,0.045168456127360236,0.061458718992965566,0.9385412810070344
14000US17031270500,0.019201228878648235,0.9807987711213517,0.0,0.0069124423963133645,0.9930875576036866
14000US17031271200,0.04598597038191738,0.8947778643803586,0.059236165237724084,0.01636788776305534,0.9836321122369447
14000US17031271300,0.010648596321393998,0.8731848983543078,0.11616650532429816,0.03581800580832527,0.9641819941916747
14000US17031271400,0.08444444444444445,0.7955555555555556,0.12,0.037037037037037035,0.9629629629629629
14000US17031350100,0.09190727938186255,0.33631557543716956,0.5717771451809679,0.016266775111834077,0.983733224888166
14000US17031350400,0.004303388918773534,0.9897794513179129,0.005917159763313609,0.005917159763313609,0.9940828402366864
14000US17031351000,0.036937742031575814,0.7512660113196307,0.21179624664879357,0.02978850163836759,0.9702114983616325
14000US17031351400,0.05537459283387622,0.8332247557003257,0.11140065146579804,0.08794788273615635,0.9120521172638436
14000US17031360200,0.04185267857142857,0.9341517857142857,0.023995535714285716,0.037388392857142856,0.9626116071428571
14000US17031430400,0.031407035175879394,0.9261934673366834,0.04239949748743719,0.011306532663316583,0.9886934673366834
14000US17031430600,0.033210332103321034,0.9174354243542435,0.04935424354243542,0.03228782287822878,0.9677121771217713
14000US17031430800,0.0029806259314456036,0.9970193740685543,0.0,0.022851465474416296,0.9771485345255837
14000US17031430500,0.01639777836551177,0.9748743718592965,0.008727849775191749,0.011108172441153134,0.9888918275588469
14000US17031430900,0.0054446460980036296,0.9776164549304295,0.01693889897156685,0.0,1.0
14000US17031610300,0.3944187699964451,0.05279061500177746,0.5527906150017775,0.8793103448275862,0.1206896551724138
14000US17031681000,0.005695301376364499,0.9553868058851448,0.03891789273849074,0.0170859041290935,0.9829140958709065
14000US17031681100,0.002097535395909806,0.9889879391714735,0.008914525432616675,0.0005243838489774515,0.9994756161510225
14000US17031680500,0.17395104895104896,0.7701048951048951,0.055944055944055944,0.18006993006993008,0.8199300699300699
14000US17031680900,0.021901571759855708,0.9263076526668385,0.05179077557330585,0.0059263076526668386,0.9940736923473331
14000US17031720100,0.5825330132052821,0.24729891956782712,0.17016806722689076,0.12004801920768307,0.879951980792317
14000US17031720200,0.44404676688141254,0.4965402052016225,0.05941302791696493,0.05511811023622047,0.9448818897637795
14000US17031720300,0.6315372424722663,0.3048071843634443,0.06365557316428949,0.06312731114632858,0.9368726888536715
14000US17031720400,0.835609243697479,0.09033613445378151,0.0740546218487395,0.0934873949579832,0.9065126050420168
14000US17031720500,0.9245867768595041,0.011880165289256199,0.06353305785123967,0.12138429752066116,0.8786157024793388
14000US17031720600,0.6713562183455262,0.30219471018570626,0.026449071468767585,0.024760832864378166,0.9752391671356219
14000US17031720700,0.24256598730370865,0.5947210157033077,0.16271299699298364,0.03875709989976612,0.9612429001002338
14000US17031040600,0.7522186723464679,0.08874689385871494,0.1590344337948172,0.14909478168264112,0.8509052183173589
14000US17031040700,0.7780201799836378,0.03545132260703572,0.18652849740932642,0.06217616580310881,0.9378238341968912
14000US17031040800,0.8247483718176436,0.018946121965660152,0.15630550621669628,0.14209591474245115,0.8579040852575488
14000US17031380100,0.047379032258064516,0.9042338709677419,0.04838709677419355,0.027721774193548387,0.9722782258064516
14000US17031380200,0.044794188861985475,0.9001210653753027,0.05508474576271186,0.01513317191283293,0.9848668280871671
14000US17031431200,0.004634581105169341,0.9803921568627451,0.014973262032085561,0.00392156862745098,0.996078431372549
14000US17031431400,0.054616895874263265,0.8929927963326785,0.05239030779305828,0.03025540275049116,0.9697445972495088
14000US17031050100,0.8519321054532322,0.02239075478512098,0.1256771397616468,0.053810039725532686,0.9461899602744673
14000US17031610800,0.7556415215989684,0.0,0.2443584784010316,0.21534493874919408,0.784655061250806
14000US17031611300,0.26435675328841834,0.10234199550850176,0.6333012512030799,0.8687840872633943,0.1312159127366057
14000US17031611400,0.31610758537322453,0.015714717437292233,0.6681776971894833,0.9703838017527954,0.029616198247204593
14000US17031611500,0.3817910447761194,0.0955223880597015,0.522686567164179,0.8522388059701492,0.14776119402985075
14000US17031611900,0.2293644996347699,0.6734842951059167,0.09715120525931337,0.3177501826150475,0.6822498173849525
14000US17031681200,0.0423728813559322,0.871939736346516,0.0856873822975518,0.012711864406779662,0.9872881355932204
14000US17031810400,0.9152630665046015,0.011286681715575621,0.07345025177982288,0.020316027088036117,0.9796839729119639
14000US17031691200,0.004651162790697674,0.9753488372093023,0.02,0.0,1.0
14000US17031691100,0.01305393335623497,0.9639299209893507,0.023016145654414292,0.009275163174166953,0.990724836825833
14000US17031730100,0.026200873362445413,0.9374090247452693,0.036390101892285295,0.006186317321688501,0.9938136826783115
14000US17031730300,0.0,0.9762611275964391,0.02373887240356083,0.0,1.0
14000US17031730400,0.0324538874620593,0.9460658416997432,0.021480270838197525,0.010506654214335746,0.9894933457856643
14000US17031730500,0.0027926460321154294,0.982080521293926,0.015126832673958576,0.00046544100535257155,0.9995345589946474
14000US17031730600,0.008962868117797696,0.9800256081946223,0.011011523687580026,0.002560819462227913,0.9974391805377721
14000US17031381200,0.0,0.9585336538461539,0.04146634615384615,0.0,1.0
14000US17031381400,0.006578947368421052,0.8642344497607656,0.1291866028708134,0.08433014354066985,0.9156698564593302
14000US17031381700,,,,,
14000US17031440300,0.00020185708518368994,0.9995962858296327,0.00020185708518368994,0.00020185708518368994,0.9997981429148163
14000US17031612000,0.0802980132450331,0.8418874172185431,0.07781456953642384,0.152317880794702,0.847682119205298
14000US17031612100,0.0,0.767578125,0.232421875,0.232421875,0.767578125
14000US17031620100,0.5034090909090909,0.0,0.4965909090909091,0.8440909090909091,0.1559090909090909
14000US17031620200,0.6998011928429424,0.0,0.30019880715705766,0.6133200795228628,0.3866799204771372
14000US17031620300,0.4801965886094247,0.01676785198034114,0.5030355594102341,0.7883781439722463,0.21162185602775369
14000US17031620400,0.4083546462063086,0.0034100596760443308,0.5882352941176471,0.8913043478260869,0.10869565217391304
14000US17031730700,0.0,0.9834278238116005,0.016572176188399478,0.0,1.0
14000US17031740100,0.9024077046548956,0.012841091492776886,0.08475120385232744,0.13290529695024078,0.8670947030497592
14000US17031740200,0.8652943847434539,0.01755713637051612,0.11714847888602997,0.09459663992734978,0.9054033600726502
14000US17031740300,0.9061191947378912,0.015547139724935221,0.07833366553717361,0.11102252342037074,0.8889774765796292
14000US17031740400,0.8799071338117349,0.05804136766568172,0.06205149852258337,0.06964964119881807,0.9303503588011819
14000US17031320101,0.5946931589537223,0.06740442655935613,0.33790241448692154,0.09104627766599598,0.9089537223340041
14000US17031330103,0.6064581231079718,0.28002018163471243,0.11352169525731584,0.03355196770938446,0.9664480322906155
14000US17031380600,0.10633036597428289,0.8461918892185954,0.04747774480712166,0.02942631058358061,0.9705736894164194
14000US17031330102,0.5334486112612126,0.24251594077596456,0.22403544796282288,0.07348967902301956,0.9265103209769804
14000US17031330101,0.641352063213345,0.02787532923617208,0.3307726075504829,0.08187006145741879,0.9181299385425812
14000US17031460800,0.19417264622744074,0.6288323548597521,0.17699499891280712,0.33876929767340724,0.6612307023265928
14000US17031630600,0.4626426205373574,0.05778432094221568,0.4795730585204269,0.8737578211262422,0.12624217887375783
14000US17031490200,0.025921299188007497,0.9375390381011868,0.03653966271080575,0.0,1.0
14000US17031612200,0.2200488997555012,0.2844335778321108,0.49551752241238795,0.6533550665580006,0.3466449334419995
14000US17031844700,0.07247298156389065,0.6942148760330579,0.23331214240305148,0.27781309599491416,0.7221869040050858
14000US17031844600,0.04738955823293173,0.880722891566265,0.07188755020080322,0.010441767068273093,0.989558232931727
14000US17031320102,0.6345145732858042,0.016145942545607046,0.3493394841685888,0.08806877752149297,0.911931222478507
14000US17031030101,0.44525547445255476,0.23411732900783996,0.3206271965396053,0.1624763449580968,0.8375236550419032
14000US17031030701,0.508283631544069,0.33863485752153744,0.15308151093439365,0.09741550695825049,0.9025844930417495
14000US17031070103,0.8274147727272727,0.061079545454545456,0.11150568181818182,0.06534090909090909,0.9346590909090909
14000US17031770602,0.7440293937538273,0.000612369871402327,0.25535823637477034,0.4721371708511941,0.5278628291488059
14000US17031831900,0.825567136725935,0.014714898835070508,0.15971796443899447,0.11833231146535868,0.8816676885346413
14000US17031832600,0.9073027356997513,0.006330544879041375,0.08636671942120733,0.030974451729595297,0.9690255482704047
14000US17031836900,0.09473124002128792,0.8797232570516232,0.025545502927088876,0.04257583821181479,0.9574241617881852
14000US17031841200,0.4305274971941639,0.06689113355780023,0.5025813692480359,0.7622895622895622,0.2377104377104377
14000US17031839500,0.16688144329896906,0.5135309278350515,0.31958762886597936,0.15528350515463918,0.8447164948453608
14000US17031835800,0.014565826330532213,0.8218487394957983,0.16358543417366947,0.12100840336134454,0.8789915966386554
14000US17031838800,0.2795872299258304,0.583360206385037,0.13705256368913254,0.4095453079651725,0.5904546920348275
14000US17031842300,0.7180532898314301,0.15579119086460033,0.12615551930396954,0.08673191952147906,0.9132680804785209
14000US17031841900,0.5699724963598123,0.16712506066979455,0.2629024429703931,0.10661705225691635,0.8933829477430837
14000US17031843200,0.5505272407732865,0.04569420035149385,0.4037785588752197,0.6278558875219684,0.37214411247803164
14000US17031843400,0.1492265696087352,0.6524112829845314,0.19836214740673339,0.3303002729754322,0.6696997270245678
14000US17031842600,0.5658426966292135,0.0701123595505618,0.36404494382022473,0.32157303370786516,0.6784269662921348
14000US17031301803,0.5934984520123839,0.0,0.4065015479876161,0.9941176470588236,0.0058823529411764705
14000US17031081300,0.7663822525597269,0.052218430034129695,0.18139931740614335,0.05443686006825939,0.9455631399317406
14000US17031081000,0.7014731879787861,0.12162639952857984,0.17690041249263405,0.07660577489687684,0.9233942251031232
14000US17031130100,0.6718494271685761,0.0220949263502455,0.3060556464811784,0.09288052373158756,0.9071194762684124
14000US17031170200,0.6462585034013606,0.0010078105316200555,0.3527336860670194,0.46787603930461075,0.5321239606953893
14000US17031170300,0.7010526315789474,0.002679425837320574,0.29626794258373207,0.36688995215311004,0.63311004784689
14000US17031170400,0.7025842178126442,0.04730041532071989,0.2501153668666359,0.3458698661744347,0.6541301338255653
14000US17031170500,0.7718967790544359,0.01544546995667734,0.21265775098888678,0.23695611226219626,0.7630438877378037
14000US17031170600,0.7845188284518828,0.014644351464435146,0.200836820083682,0.22552301255230126,0.7744769874476988
14000US17031170700,0.7986297289246351,0.0,0.2013702710753649,0.2993744414655943,0.7006255585344057
14000US17031170800,0.6957905041605482,0.0947136563876652,0.2094958394517866,0.3499755261869799,0.6500244738130201
14000US17031251400,0.1373640944046672,0.8326703792097587,0.029965526385574117,0.021744895253248474,0.9782551047467515
14000US17031260300,0.03040173724212812,0.8925081433224755,0.07709011943539631,0.09554831704668838,0.9044516829533116
14000US17031260500,0.009491903964265773,0.989391401451703,0.0011166945840312675,0.02065884980457845,0.9793411501954216
14000US17031260600,0.027538726333907058,0.9586919104991394,0.013769363166953529,0.024096385542168676,0.9759036144578314
14000US17031260700,0.017478152309612985,0.9219725343320849,0.060549313358302125,0.060549313358302125,0.9394506866416978
14000US17031260800,0.05391527599486521,0.9037227214377407,0.04236200256739409,0.005134788189987163,0.9948652118100129
14000US17031050700,0.8820786142571619,0.0,0.11792138574283811,0.11192538307794804,0.8880746169220519
14000US17031050900,0.8283289817232375,0.024151436031331592,0.1475195822454308,0.1370757180156658,0.8629242819843342
14000US17031051000,0.8373424971363116,0.026918671248568157,0.13573883161512026,0.15349369988545247,0.8465063001145475
14000US17031051100,0.780814853017019,0.011346054667354307,0.2078390923156266,0.15265600825167613,0.8473439917483239
14000US17031051200,0.8331202046035806,0.027493606138107418,0.13938618925831203,0.07800511508951406,0.921994884910486
14000US17031170900,0.6580286904211013,0.0,0.34197130957889865,0.5562239703840814,0.44377602961591855
14000US17031171000,0.705009548993683,0.07345379756133393,0.2215366534449831,0.30027912443073307,0.6997208755692669
14000US17031171100,0.6187416925121844,0.033673017279574655,0.347585290208241,0.4951262738147984,0.5048737261852015
14000US17031180100,0.6498530094383413,0.027077208726597555,0.32306978183506113,0.4714528856568157,0.5285471143431842
14000US17031190100,0.3756906077348066,0.022949426264343393,0.60135996600085,0.8414789630259244,0.15852103697407566
14000US17031222200,0.8521551724137931,0.0353448275862069,0.1125,0.052155172413793104,0.9478448275862069
14000US17031222500,0.7318932655654383,0.033672172808132145,0.23443456162642948,0.47395171537484115,0.5260482846251588
14000US17031222600,0.6581818181818182,0.06121212121212121,0.2806060606060606,0.3557575757575758,0.6442424242424243
14000US17031251500,0.10499419279907085,0.8211382113821138,0.07386759581881533,0.13240418118466898,0.867595818815331
14000US17031251600,0.0013280212483399733,0.7459052678176185,0.2527667109340416,0.282647189021691,0.7173528109783089
14000US17031251700,0.12207602339181287,0.7551169590643275,0.12280701754385964,0.2236842105263158,0.7763157894736842
14000US17031251800,0.029358536094912527,0.8956364367584959,0.07500502714659159,0.05670621355318721,0.9432937864468128
14000US17031251900,0.019722425127830533,0.9258582907231556,0.054419284149013876,0.04492330168005844,0.9550766983199416
14000US17031252000,0.037430268130286125,0.9240597444664387,0.03850998740327515,0.023573870793593667,0.9764261292064064
14000US17031130300,0.4362342638204707,0.03959131545338442,0.5241744207261448,0.21784345922276957,0.7821565407772304
14000US17031190200,0.33614515358904984,0.06891612287123985,0.5949387235397103,0.7798822218685342,0.22011777813146585
14000US17031190300,0.6768558951965066,0.016768558951965065,0.3063755458515284,0.6136244541484717,0.3863755458515284
14000US17031190800,0.3751722026634012,0.03168529006581969,0.5931425072707791,0.8643808357569264,0.13561916424307363
14000US17031260100,0.07813953488372093,0.8362790697674418,0.08558139534883721,0.08837209302325581,0.9116279069767442
14000US17031260200,0.017094017094017096,0.9145299145299145,0.06837606837606838,0.07094017094017094,0.9290598290598291
14000US17031530100,0.30149716055756326,0.46721734641197726,0.23128549303045948,0.467733608673206,0.532266391326794
14000US17031061800,0.7724137931034483,0.01839080459770115,0.20919540229885059,0.14406130268199233,0.8559386973180076
14000US17031410200,0.45417789757412397,0.3194070080862534,0.22641509433962265,0.1522911051212938,0.8477088948787062
14000US17031222900,0.5608365019011406,0.14543726235741444,0.29372623574144485,0.6283269961977186,0.37167300380228135
14000US17031241000,0.6859009254218835,0.07512248230811105,0.23897659227000545,0.4779531845400109,0.5220468154599891
14000US17031190900,0.6073147256977863,0.05871029836381136,0.3339749759384023,0.8238691049085659,0.17613089509143406
14000US17031191200,0.4429367579355464,0.03707293433486794,0.5199903077295857,0.9612309183426218,0.03876908165737824
14000US17031200100,0.4609311189763136,0.01116253743533896,0.5279063435883474,0.7413558399128778,0.25864416008712227
14000US17031200200,0.4322033898305085,0.04825800376647834,0.5195386064030132,0.7886064030131826,0.21139359698681734
14000US17031200300,0.52250885179565,0.10925644916540213,0.3682346990389479,0.8270106221547799,0.17298937784522003
14000US17031222700,0.5965210012728044,0.03903266864658464,0.36444633008061095,0.5070004242681375,0.49299957573186254
14000US17031230100,0.5960986804360299,0.13253012048192772,0.27137119908204244,0.45438898450946646,0.5456110154905336
14000US17031230200,0.6376958059626073,0.09095502779181405,0.2713491662455786,0.5320869125821122,0.46791308741788784
14000US17031230300,0.4533333333333333,0.10545454545454545,0.4412121212121212,0.7721212121212121,0.22787878787878788
14000US17031230400,0.4682156948706708,0.0131521262604121,0.5186321788689171,0.7698377904427882,0.23016220955721176
14000US17031230500,0.34033737792246227,0.09470257472625036,0.5649600473512874,0.8135543060076946,0.18644569399230543
14000US17031351100,0.006278026905829596,0.9026905829596412,0.09103139013452914,0.10358744394618834,0.8964125560538116
14000US17031611700,0.36312849162011174,0.2966480446927374,0.34022346368715084,0.7033519553072626,0.2966480446927374
14000US17031300500,0.4303049159925327,0.02209085252022402,0.5476042314872434,0.9309271935283137,0.06907280647168637
14000US17031381500,0.02287581699346405,0.9379084967320261,0.0392156862745098,0.0,1.0
14000US17031420500,0.014155712841253791,0.961577350859454,0.024266936299292215,0.00910010111223458,0.9908998988877654
14000US17031081500,0.6023919429290809,0.02161141418380193,0.3759966428871171,0.07595467897608058,0.9240453210239195
14000US17031081600,0.772342169991801,0.026509975403115605,0.20114785460508336,0.045640885487838206,0.9543591145121618
14000US17031081700,0.7139191789608723,0.042121017746418646,0.243959803292709,0.09514646140688475,0.9048535385931152
14000US17031081800,0.7538733953076583,0.01921204072598495,0.22691456396635679,0.0804780876494024,0.9195219123505977
14000US17031081900,0.6675020885547202,0.2548036758563074,0.07769423558897243,0.047619047619047616,0.9523809523809523
14000US17031222800,0.475,0.115,0.41,0.616,0.384
14000US17031050800,0.6858929812369701,0.04100069492703266,0.2731063238359972,0.2077831827658096,0.7922168172341905
14000US17031210100,0.6280634310427679,0.03027390677558866,0.34166266218164343,0.37842383469485824,0.6215761653051417
14000US17031210400,0.5010752688172043,0.022365591397849462,0.47655913978494624,0.7113978494623656,0.2886021505376344
14000US17031230700,0.3285445527621002,0.10911578587309731,0.5623396613648025,0.7997263553959295,0.20027364460407046
14000US17031230800,0.5618081180811808,0.0544280442804428,0.3837638376383764,0.8108856088560885,0.18911439114391143
14000US17031230900,0.46213476446034585,0.1657722122838402,0.37209302325581395,0.5764261578215066,0.42357384217849336
14000US17031823304,0.6033882203926536,0.30446485117162764,0.09214692843571881,0.20994300189993667,0.7900569981000634
14000US17031550200,0.6718806838850491,0.03892324481629684,0.28919607129865404,0.5878501273190251,0.4121498726809749
14000US17031670500,0.09735576923076923,0.8665865384615384,0.036057692307692304,0.140625,0.859375
14000US17031580800,0.3412322274881517,0.0,0.6587677725118484,0.9545023696682464,0.04549763033175355
14000US17031230600,0.34118723550268787,0.2604369209653437,0.3983758435319684,0.6498913416447444,0.3501086583552556
14000US17031242300,0.8897139713971397,0.0038503850385038503,0.10643564356435643,0.14356435643564355,0.8564356435643564
14000US17031242200,0.8235146022155085,0.06696878147029205,0.1095166163141994,0.12084592145015106,0.879154078549849
14000US17031032100,0.7108509566968781,0.06998992950654583,0.21915911379657604,0.19763343403826789,0.8023665659617322
14000US17031300800,0.4784590836562571,0.0,0.5215409163437429,0.9819922498290403,0.018007750170959652
14000US17031060900,0.8306797729475287,0.026720199363145507,0.14260002768932575,0.07683787899764641,0.9231621210023536
14000US17031061000,0.7555847568988173,0.01576872536136662,0.22864651773981604,0.10337275514673674,0.8966272448532633
14000US17031210700,0.6924901185770751,0.025559947299077734,0.28194993412384717,0.5357048748353096,0.4642951251646904
14000US17031291600,0.35744985673352436,0.04871060171919771,0.5938395415472779,0.7199140401146131,0.2800859598853868
14000US17031400400,0.03531598513011153,0.9377323420074349,0.02695167286245353,0.016728624535315983,0.983271375464684
14000US17031191100,0.45850622406639,0.04208654416123296,0.499407231772377,0.8258743331357439,0.17412566686425607
14000US17031120100,0.889261744966443,0.00022371364653243848,0.11051454138702461,0.08747203579418344,0.9125279642058165
14000US17031611200,0.4087555336940482,0.1987211018199705,0.3925233644859813,0.7265125430398426,0.2734874569601574
14000US17031300900,0.3528377699648418,0.00025113008538422905,0.646911099949774,0.9218985434455048,0.07810145655449523
14000US17031061100,0.8148677626876341,0.0407433881343817,0.14438884917798428,0.1343817012151537,0.8656182987848463
14000US17031061500,0.8346341463414634,0.03951219512195122,0.12585365853658537,0.06926829268292684,0.9307317073170732
14000US17031062000,0.8255265639735933,0.03615215341087708,0.1383212826155297,0.06978937441056271,0.9302106255894372
14000US17031062100,0.8489065606361829,0.03436523714853735,0.11672820221527976,0.06844646407270662,0.9315535359272934
14000US17031062200,0.8565977742448331,0.013036565977742448,0.13036565977742448,0.15802861685214625,0.8419713831478537
14000US17031090200,0.9108562691131499,0.0061162079510703364,0.08302752293577982,0.09969418960244648,0.9003058103975535
14000US17031090100,0.8820160366552119,0.010309278350515464,0.10767468499427263,0.16494845360824742,0.8350515463917526
14000US17031260400,0.0,0.9919224555735057,0.008077544426494346,0.0,1.0
14000US17031351500,0.16593406593406593,0.6197802197802198,0.21428571428571427,0.08351648351648351,0.9164835164835164
14000US17031210800,0.6008695652173913,0.00782608695652174,0.391304347826087,0.5234782608695652,0.4765217391304348
14000US17031210900,0.6407982261640798,0.05891669306303453,0.3002850807728856,0.3360785555907507,0.6639214444092493
14000US17031081100,0.7821693240512014,0.0821917808219178,0.13563889512688077,0.056366494498091176,0.9436335055019088
14000US17031241200,0.7438364401683704,0.05832832230907998,0.1978352375225496,0.1449188214070956,0.8550811785929044
14000US17031062500,0.8503532434168273,0.028901734104046242,0.12074502247912652,0.11689145793192036,0.8831085420680796
14000US17031062600,0.7833468067906225,0.0068714632174616,0.20978172999191594,0.10873080032336298,0.891269199676637
14000US17031062700,0.8535551206784083,0.012393998695368558,0.13405088062622308,0.0812133072407045,0.9187866927592955
14000US17031062800,0.8751729864378632,0.015222806531967894,0.10960420703016883,0.06282867423194022,0.9371713257680598
14000US17031062900,0.7517694641051568,0.04196157735085945,0.20626895854398383,0.09175935288169869,0.9082406471183013
14000US17031063000,0.7686274509803922,0.04947209653092006,0.18190045248868777,0.06636500754147813,0.9336349924585219
14000US17031062400,0.8828606658446363,0.04870530209617756,0.06843403205918619,0.047472256473489516,0.9525277435265105
14000US17031063100,0.8749466495945369,0.0,0.1250533504054631,0.03755868544600939,0.9624413145539906
14000US17031063200,0.8611241584468452,0.05714733051510881,0.08172851103804603,0.07906685454830124,0.9209331454516988
14000US17031063400,0.8231640482279868,0.03215199123127512,0.14468396054073804,0.06759225429302156,0.9324077457069785
14000US17031090300,0.8549931600547196,0.0,0.14500683994528044,0.1436388508891929,0.8563611491108071
14000US17031100100,0.8801234779626136,0.0,0.11987652203738638,0.1819584976847882,0.8180415023152118
14000US17031100300,0.8869075551384327,0.01360863444392304,0.0994838104176443,0.10464570624120131,0.8953542937587987
14000US17031140100,0.5461907618476305,0.05608878224355129,0.3977204559088182,0.36172765446910615,0.6382723455308938
14000US17031140200,0.42105263157894735,0.05862947968211126,0.5203178887389414,0.46963562753036436,0.5303643724696356
14000US17031140400,0.5665221162185603,0.01699913269731136,0.41647875108412835,0.2995663486556808,0.7004336513443191
14000US17031140500,0.4939411425274091,0.04962492787074437,0.45643392960184653,0.34997114829774956,0.6500288517022504
14000US17031242700,0.6138233680746022,0.17498628634119584,0.21119034558420186,0.3587493143170598,0.6412506856829402
14000US17031070200,0.8010752688172043,0.03494623655913978,0.1639784946236559,0.0826001955034213,0.9173998044965787
14000US17031070300,0.8957279370432828,0.007307476110174255,0.09696458684654301,0.04187745924676785,0.9581225407532321
14000US17031070400,0.8485380116959065,0.022514619883040935,0.12894736842105264,0.03274853801169591,0.9672514619883041
14000US17031070500,0.8465073529411765,0.05974264705882353,0.09375,0.050551470588235295,0.9494485294117647
14000US17031070600,0.8819165378670788,0.0030911901081916537,0.11499227202472952,0.05409582689335394,0.9459041731066461
14000US17031070700,0.6768388106416275,0.09520083463745435,0.2279603547209181,0.13771517996870108,0.8622848200312989
14000US17031100400,0.8190448791714614,0.0008630609896432681,0.18009205983889529,0.11219792865362485,0.8878020713463751
14000US17031100600,0.7207932456312586,0.008246612998232868,0.27096014137050856,0.3149420773610838,0.6850579226389162
14000US17031100700,0.8226744186046512,0.011446220930232558,0.16587936046511628,0.15515988372093023,0.8448401162790697
14000US17031110200,0.7850892544627232,0.07490374518725937,0.1400070003500175,0.24746237311865593,0.7525376268813441
14000US17031220701,0.6100649350649351,0.05487012987012987,0.33506493506493507,0.6308441558441559,0.3691558441558442
14000US17031063302,0.8638403990024938,0.030174563591022444,0.1059850374064838,0.05112219451371571,0.9488778054862843
14000US17031252201,0.051086956521739134,0.9199275362318841,0.028985507246376812,0.03731884057971015,0.9626811594202899
14000US17031660302,0.327801724137931,0.1896551724137931,0.4825431034482759,0.8071120689655172,0.19288793103448276
14000US17031660301,0.31806615776081426,0.3282442748091603,0.35368956743002544,0.6475826972010178,0.3524173027989822
14000US17031730202,0.01174934725848564,0.9751958224543081,0.013054830287206266,0.011096605744125326,0.9889033942558747
14000US17031835600,0.19451073985680192,0.7947494033412887,0.010739856801909307,0.19451073985680192,0.8054892601431981
14000US17031840000,0.46796045404613695,0.007323324789454412,0.5247162211644086,0.2270230684730868,0.7729769315269133
14000US17031836400,0.03777949113338473,0.8668722693395015,0.09534823952711385,0.07170393215111796,0.9282960678488821
14000US17031836100,0.0895,0.85,0.0605,0.059,0.941
14000US17031834600,0.14177693761814744,0.8355387523629489,0.022684310018903593,0.23566477630749844,0.7643352236925016
14000US17031843600,0.04360100376411543,0.9413425345043914,0.015056461731493099,0.05144291091593475,0.9485570890840652
14000US17031061902,0.7969125902165196,0.06676022453889334,0.136327185244587,0.05593424218123497,0.944065757818765
14000US17031030102,0.44931680965999365,0.13886240864315222,0.41182078169685415,0.14775977121067682,0.8522402287893232
14000US17031030103,0.546563643757625,0.21228141520943472,0.24115494103294022,0.12240748271655144,0.8775925172834486
14000US17031030706,0.6363970588235294,0.16801470588235295,0.19558823529411765,0.03529411764705882,0.9647058823529412
14000US17031030601,0.46318289786223277,0.2562681446291898,0.28054895750857745,0.06439693850620216,0.9356030614937978
14000US17031081202,0.8451908396946565,0.03358778625954199,0.12122137404580152,0.03572519083969466,0.9642748091603054
14000US17031063303,0.8313559322033899,0.0,0.16864406779661018,0.02711864406779661,0.9728813559322034
14000US17031220901,0.5942915392456677,0.14475025484199797,0.2609582059123344,0.6510363574583758,0.3489636425416242
14000US17031210602,0.5695251937984496,0.0075096899224806205,0.42296511627906974,0.593265503875969,0.406734496124031
14000US17031220602,0.6682840758711954,0.11954124393471548,0.2121746801940891,0.2207763564181738,0.7792236435818262
14000US17031220601,0.7335504885993486,0.06775244299674267,0.1986970684039088,0.31140065146579804,0.6885993485342019
14000US17031040401,0.7389534883720931,0.0436046511627907,0.21744186046511627,0.21627906976744185,0.7837209302325582
14000US17031252202,0.007507820646506778,0.9643378519290928,0.028154327424400417,0.014598540145985401,0.9854014598540146
14000US17031252102,0.026066350710900472,0.8173874407582938,0.1565462085308057,0.10974526066350711,0.8902547393364929
14000US17031836300,0.39613809245172615,0.4897600936220012,0.11410181392627268,0.012873025160912814,0.9871269748390872
14000US17031834500,0.008368200836820083,0.9309623430962343,0.060669456066945605,0.0,1.0
14000US17031836000,0.03843390804597701,0.927801724137931,0.033764367816091954,0.0028735632183908046,0.9971264367816092
14000US17031836200,0.6354365838113448,0.07903123008285533,0.2855321861057999,0.09687699171446781,0.9031230082855322
14000US17031834400,0.07045735475896168,0.8454882571075402,0.08405438813349815,0.009394313967861558,0.9906056860321384
14000US17031834300,0.0029493945979509467,0.9236262030425334,0.07342440235951568,0.00667494566904688,0.9933250543309531
14000US17031070101,0.8460779477059694,0.019240256536753823,0.13468179575727676,0.07696102614701529,0.9230389738529847
14000US17031110501,0.652840574012188,0.05327304894829959,0.2938863770395125,0.29290347945744055,0.7070965205425594
14000US17031030104,0.663482280431433,0.06995377503852081,0.2665639445300462,0.13713405238828968,0.8628659476117103
14000US17031081401,0.7516688918558078,0.02358700489541611,0.22474410324877614,0.08500222518914108,0.914997774810859
14000US17031430102,0.02637423653525819,0.9319822320932815,0.0416435313714603,0.012770682953914493,0.9872293170460855
14000US17031770902,0.8809921962095875,0.002508361204013378,0.1164994425863991,0.048773690078037904,0.9512263099219621
14000US17031430101,0.013915857605177993,0.9666666666666667,0.019417475728155338,0.02168284789644013,0.9783171521035599
14000US17031252101,0.01739788199697428,0.9659606656580938,0.01664145234493192,0.029500756429652043,0.970499243570348
14000US17031010501,0.6130145427655903,0.2425437515405472,0.14444170569386247,0.09193985703721962,0.9080601429627804
14000US17031020701,0.7251157407407407,0.08912037037037036,0.1857638888888889,0.140625,0.859375
14000US17031010201,0.3234936831875607,0.397108843537415,0.2793974732750243,0.24866375121477163,0.7513362487852284
14000US17031040900,0.914647577092511,0.006057268722466961,0.07929515418502203,0.06277533039647577,0.9372246696035242
14000US17031050200,0.7913778529163145,0.01048182586644125,0.1981403212172443,0.14099746407438715,0.8590025359256128
14000US17031071700,0.7671990171990172,0.10257985257985258,0.13022113022113022,0.0343980343980344,0.9656019656019657
14000US17031031800,0.625124131082423,0.04568023833167825,0.32919563058589874,0.141012909632572,0.858987090367428
14000US17031031700,0.7357985837922896,0.14335169158143193,0.12084972462627852,0.07962234461054288,0.9203776553894571
14000US17031610400,0.42113564668769715,0.021556256572029444,0.5573080967402734,0.9532071503680336,0.04679284963196635
14000US17031050600,0.8861974405850092,0.005484460694698354,0.10831809872029251,0.0740402193784278,0.9259597806215722
14000US17031050500,0.836584929300161,0.00035797386790764276,0.16305709683193126,0.05996062287453016,0.9400393771254698
14000US17031071600,0.8019299136617573,0.06653123412899949,0.13153885220924327,0.04164550533265617,0.9583544946673438
14000US17031671400,0.040380047505938245,0.5851148060174188,0.3745051464766429,0.23119556611243072,0.7688044338875692
14000US17031062300,0.8157413056741916,0.020134228187919462,0.16412446613788895,0.06345332519829164,0.9365466748017084
14000US17031630400,0.47310951760104303,0.013852672750977835,0.5130378096479792,0.9447522816166884,0.055247718383311606
14000US17031010100,0.44221438023820026,0.38619320688134096,0.17159241288045876,0.1689457432730481,0.8310542567269519
14000US17031680600,0.007042253521126761,0.9859154929577465,0.007042253521126761,0.0,1.0
14000US17031030500,0.7499627032671938,0.056840220796658215,0.193197075936148,0.20259585260331195,0.7974041473966881
14000US17031020500,0.32759146341463413,0.14466463414634145,0.5277439024390244,0.2407012195121951,0.7592987804878049
14000US17031150200,0.7023557437797776,0.01389624139756485,0.2837480148226575,0.2878507146638433,0.7121492853361567
14000US17031150300,0.7901803879018039,0.015326190153261901,0.1944934219449342,0.23965821239658214,0.7603417876034179
14000US17031140800,0.6854098360655738,0.006721311475409836,0.3078688524590164,0.3622950819672131,0.6377049180327868
14000US17031231200,0.08900190718372536,0.7142403051493961,0.19675778766687857,0.22059758423394787,0.7794024157660522
14000US17031231100,0.022539444027047332,0.6528925619834711,0.3245679939894816,0.34710743801652894,0.6528925619834711
14000US17031242400,0.8933707471062785,0.019642230796211857,0.08698702209750965,0.07716590669940372,0.9228340933005963
14000US17031242500,0.734681737061273,0.0966686496133254,0.16864961332540154,0.28019036287923854,0.7198096371207614
14000US17031120200,0.7881530234471411,0.0195392842451666,0.19230769230769232,0.07692307692307693,0.9230769230769231
14000US17031120300,0.8149431660659828,0.0005544774050457444,0.18450235652897146,0.10313279733850846,0.8968672026614916
14000US17031120400,0.6177954847277557,0.0,0.38220451527224436,0.22363877822045153,0.7763612217795485
14000US17031231500,0.048422847399829494,0.7456095481670929,0.20596760443307757,0.25046888320545607,0.7495311167945439
14000US17031071100,0.7865693430656935,0.009051094890510949,0.20437956204379562,0.10335766423357665,0.8966423357664234
14000US17031071000,0.8275721838145588,0.06323708824725498,0.10919072793818625,0.06445709638064254,0.9355429036193574
14000US17031071200,0.7663509246729815,0.05999097880018042,0.17365809652683806,0.08930987821380243,0.9106901217861976
14000US17031071300,0.8275775775775776,0.007257257257257258,0.16516516516516516,0.03553553553553553,0.9644644644644644
14000US17031110300,0.683944374209861,0.0023478417915838903,0.3137077839985552,0.2784901571247968,0.7215098428752031
14000US17031220300,0.6911692155895411,0.023680315737543166,0.28515046867291566,0.2535767143561914,0.7464232856438086
14000US17031220400,0.787868038311458,0.0035473572188719402,0.2085846044696701,0.19333096842852074,0.8066690315714793
14000US17031220500,0.7085987261146497,0.047372611464968156,0.24402866242038215,0.2929936305732484,0.7070063694267515
14000US17031240300,0.7449768160741885,0.05873261205564142,0.19629057187017002,0.0347758887171561,0.9652241112828439
14000US17031240500,0.8387609213661636,0.019459888800635424,0.14177918983320095,0.08816521048451152,0.9118347895154885
14000US17031060400,0.8932702418506835,0.004206098843322818,0.10252365930599369,0.10304942166140904,0.8969505783385909
14000US17031060500,0.7348912167606769,0.0249798549556809,0.2401289282836422,0.0958904109589041,0.9041095890410958
14000US17031240800,0.6741258741258741,0.02727272727272727,0.2986013986013986,0.3202797202797203,0.6797202797202797
14000US17031240600,0.7239488117001828,0.09811090798293723,0.17794028031687995,0.2327848872638635,0.7672151127361365
14000US17031240700,0.698943661971831,0.11678403755868545,0.18427230046948356,0.4137323943661972,0.5862676056338029
14000US17031240900,0.5283363802559415,0.1380255941499086,0.3336380255941499,0.30987202925045704,0.6901279707495429
14000US17031242600,0.6444966564250858,0.1693475510572926,0.18615579251762154,0.358214350262064,0.6417856497379361
14000US17031310600,0.47356198642372277,0.03269024651661308,0.49374776705966417,0.5637727759914255,0.4362272240085745
14000US17031310700,0.4044414535666218,0.06796769851951548,0.5275908479138627,0.5417227456258412,0.45827725437415884
14000US17031310800,0.4914442162902122,0.01026694045174538,0.49828884325804246,0.7757243896874287,0.2242756103125713
14000US17031020602,0.46951743087755454,0.08483599519148205,0.4456465739309634,0.2515885282500429,0.748411471749957
14000US17031310900,0.41112255406797116,0.019773429454170956,0.5691040164778579,0.7742533470648816,0.22574665293511845
14000US17031510100,0.6433734939759036,0.14779116465863454,0.20883534136546184,0.7408299866131192,0.25917001338688084
14000US17031510200,0.21384117500622354,0.7269106298232512,0.05924819517052527,0.20238984316654218,0.7976101568334578
14000US17031561100,0.6950243562978428,0.004697286012526096,0.3002783576896312,0.49617258176757134,0.5038274182324287
14000US17031190701,0.5671885192433138,0.015655577299412915,0.4171559034572733,0.7266797129810828,0.27332028701891714
14000US17031020901,0.3514510181176848,0.265993265993266,0.38255571588904924,0.24675324675324675,0.7532467532467533
14000US17031010202,0.3860435339308579,0.33034571062740076,0.28361075544174136,0.2672855313700384,0.7327144686299616
14000US17031570100,0.42694928084784256,0.006813020439061317,0.5662376987130961,0.7872823618470856,0.21271763815291445
14000US17031570200,0.4848084544253633,0.0,0.5151915455746368,0.7626596213121972,0.23734037868780272
14000US17031570300,0.5232330425494036,0.022253872173758234,0.45451308527683815,0.7778173402171978,0.22218265978280222
14000US17031570400,0.5934128336172629,0.001135718341851221,0.40545144804088584,0.8205565019875071,0.1794434980124929
14000US17031570500,0.6272415108737123,0.0,0.3727584891262877,0.7607783288821061,0.23922167111789394
14000US17031690400,0.0,0.9854439592430859,0.01455604075691412,0.007641921397379912,0.99235807860262
14000US17031691300,0.020858895705521473,0.8552147239263803,0.12392638036809817,0.12269938650306748,0.8773006134969326
14000US17031691400,0.0,0.9263759828448892,0.0736240171551108,0.023588277340957826,0.9764117226590422
14000US17031691500,0.03696303696303696,0.9585414585414586,0.004495504495504496,0.016483516483516484,0.9835164835164835
14000US17031320400,0.6785480706344016,0.1079136690647482,0.21353826030085024,0.07521255722694571,0.9247874427730542
14000US17031580100,0.28674790555978674,0.08149276466108149,0.6317593297791317,0.5125666412795126,0.48743335872048743
14000US17031580200,0.3550478542760111,0.0,0.6449521457239888,0.8193887002161161,0.1806112997838839
14000US17031580300,0.6246056782334385,0.01222397476340694,0.3631703470031546,0.706230283911672,0.2937697160883281
14000US17031580400,0.3863284275755228,0.011618900077459334,0.6020526723470179,0.8005422153369481,0.1994577846630519
14000US17031580600,0.459825946164744,0.03622748431491601,0.50394656952034,0.7652297105849019,0.23477028941509817
14000US17031580700,0.23237885462555066,0.01777847702957835,0.749842668344871,0.8569855254877281,0.14301447451227187
14000US17031681300,0.005957446808510639,0.9646808510638298,0.029361702127659574,0.006808510638297872,0.9931914893617021
14000US17031681400,0.031000469704086424,0.9403475810239549,0.028651949271958667,0.031000469704086424,0.9689995302959136
14000US17031690300,0.030072003388394747,0.9635747564591275,0.0063532401524777635,0.005929690808979246,0.9940703091910208
14000US17031690500,0.0,1.0,0.0,0.0,1.0
14000US17031690900,0.015332197614991482,0.9613044536383548,0.023363348746653686,0.006570941834996349,0.9934290581650036
14000US17031691000,0.016891891891891893,0.9420849420849421,0.041023166023166024,0.012548262548262547,0.9874517374517374
14000US17031700100,0.2928902627511592,0.6020092735703245,0.10510046367851623,0.3858835651725914,0.6141164348274085
14000US17031700200,0.26280304117056374,0.17242863290776073,0.5647683259216755,0.7587146750824846,0.24128532491751542
14000US17031320600,0.6971284088856782,0.08127144663175004,0.2216001444825718,0.10204081632653061,0.8979591836734694
14000US17031330200,0.5298245614035088,0.25664160401002506,0.21353383458646616,0.02706766917293233,0.9729323308270676
14000US17031590500,0.3098510882016037,0.06071019473081329,0.629438717067583,0.41695303550973656,0.5830469644902635
14000US17031590600,0.36854904079978384,0.0029721696838692245,0.628478789516347,0.6403674682518238,0.35963253174817617
14000US17031671200,0.015950920245398775,0.9840490797546012,0.0,0.0,1.0
14000US17031671100,0.006776379477250726,0.9583736689254598,0.03484995159728945,0.0,1.0
14000US17031671300,0.042937149968886125,0.9352831362787803,0.021779713752333542,0.06471686372121967,0.9352831362787803
14000US17031671500,0.03314184710561202,0.9257622624834291,0.0410958904109589,0.07026071586389748,0.9297392841361025
14000US17031671600,0.03664921465968586,0.8964514252472368,0.06689936009307737,0.055264688772542175,0.9447353112274578
14000US17031671800,0.03140096618357488,0.9170692431561996,0.05152979066022544,0.036231884057971016,0.9637681159420289
14000US17031671900,0.10595514307811292,0.6496519721577726,0.24439288476411447,0.2900232018561485,0.7099767981438515
14000US17031710100,0.0,0.9945454545454545,0.005454545454545455,0.013636363636363636,0.9863636363636363
14000US17031710200,0.02706329680161038,0.9615298590919258,0.011406844106463879,0.0,1.0
14000US17031710400,0.009260908281389136,0.9232413178984862,0.06749777382012466,0.058771148708815675,0.9412288512911843
14000US17031710500,0.02194656488549618,0.9477576335877863,0.030295801526717556,0.029103053435114504,0.9708969465648855
14000US17031710600,0.028509951586874662,0.9171597633136095,0.05433028509951587,0.02689618074233459,0.9731038192576654
14000US17031710800,0.0012903225806451613,0.9890322580645161,0.00967741935483871,0.0008602150537634409,0.9991397849462366
14000US17031340300,0.2738888888888889,0.0,0.7261111111111112,0.16444444444444445,0.8355555555555556
14000US17031340500,0.5531791907514451,0.04046242774566474,0.40635838150289016,0.17976878612716762,0.8202312138728324
14000US17031340600,0.06787330316742081,0.832579185520362,0.09954751131221719,0.0,1.0
14000US17031430200,0.08489208633093526,0.8924460431654676,0.022661870503597123,0.04514388489208633,0.9548561151079137
14000US17031430300,0.016413623307345096,0.9737382027082478,0.009848173984407058,0.028313500205170292,0.9716864997948297
14000US17031510300,0.015880322209436134,0.9841196777905639,0.0,0.0,1.0
14000US17031520100,0.5782282944028206,0.0,0.42177170559717936,0.9246364037020715,0.0753635962979286
14000US17031590700,0.45557029177718833,0.009615384615384616,0.5348143236074271,0.6816976127320955,0.3183023872679045
14000US17031600400,0.30240466358999274,0.06825358270585377,0.6293417537041535,0.0386203546271557,0.9613796453728443
14000US17031830600,0.4389997983464408,0.2034684412179875,0.35753176043557167,0.31417624521072796,0.685823754789272
14000US17031830800,0.8277182235834609,0.04096477794793262,0.13131699846860642,0.11906584992343032,0.8809341500765697
14000US17031830900,0.7504232983406705,0.027429732475448696,0.2221469691838808,0.24822214696918388,0.7517778530308161
14000US17031835200,0.40797403801576265,0.0630505331478906,0.5289754288363467,0.7093184979137691,0.2906815020862309
14000US17031839900,0.6253414582895567,0.01807102332422778,0.3565875183862156,0.34986341668417736,0.6501365833158227
14000US17031839700,0.5226910828025477,0.01592356687898089,0.46138535031847133,0.38793789808917195,0.612062101910828
14000US17031839800,0.6940436551979282,0.04291527931927488,0.2630410654827969,0.1860895301516833,0.8139104698483167
14000US17031834800,0.061600460564191134,0.8940702360391479,0.04432930339666091,0.08232584916522741,0.9176741508347726
14000US17031832000,0.8072153325817362,0.03269447576099211,0.1600901916572717,0.0580608793686584,0.9419391206313416
14000US17031832500,0.8443396226415094,0.04119496855345912,0.11446540880503145,0.10220125786163523,0.8977987421383647
14000US17031832300,0.7821989528795812,0.050261780104712044,0.16753926701570682,0.17591623036649215,0.8240837696335078
14000US17031838300,0.5629807692307692,0.27307692307692305,0.1639423076923077,0.032692307692307694,0.9673076923076923
14000US17031831800,0.5896003437902879,0.040108866924509386,0.3702907892852027,0.21114453516688153,0.7888554648331184
14000US17031831700,0.6384051329055912,0.02016498625114574,0.34142988084326303,0.4472960586617782,0.5527039413382218
14000US17031835100,0.5731657884069721,0.17308471828131333,0.25374949331171465,0.8092825293879206,0.19071747061207944
14000US17031835000,0.17885430097623872,0.4254927242586112,0.3956529747651501,0.5540615214588323,0.4459384785411678
14000US17031843700,0.6941982272360999,0.035052377115229655,0.27074939564867045,0.1998388396454472,0.8001611603545528
14000US17031220702,0.6217001695325745,0.04771131024461129,0.33058852022281426,0.5555824654880116,0.4444175345119884
14000US17031842100,0.2106811828747977,0.5030160364866852,0.286302780638517,0.4544652052376048,0.5455347947623952
14000US17031843300,0.13157894736842105,0.6771501925545571,0.19127086007702182,0.18934531450577663,0.8106546854942234
14000US17031031200,0.3667914256549847,0.3465464443688329,0.2866621299761824,0.2315413405920381,0.7684586594079619
14000US17031760801,0.4563772330702119,0.050062318238471126,0.493560448691317,0.11902783547985044,0.8809721645201496
14000US17031839000,0.6379123584441162,0.0947316592811423,0.2673559822747415,0.12171344165435746,0.8782865583456425
14000US17031440201,0.0038847523470378763,0.9711880867594691,0.02492716089349304,0.0,1.0
14000US17031540101,0.03594266813671444,0.9323042998897464,0.03175303197353914,0.04189636163175303,0.958103638368247
14000US17031050300,0.6460980036297641,0.005807622504537205,0.34809437386569875,0.17749546279491832,0.8225045372050817
14000US17031830700,0.4849301641754472,0.3352119578534673,0.17985787797108552,0.12864493996569468,0.8713550600343053
14000US17031834700,0.013711151736745886,0.9808043875685558,0.005484460694698354,0.02376599634369287,0.9762340036563071
